INSERT INTO student (学号, 姓名, 性别, 出生日期, 地区, 民族, 班级编号) VALUES
('2013110101', '张晓勇', '男', '2005-12-11', '山西', '汉', 'AC1301'),
('2013110103', '王一敏', '女', '2005-01-01', '河北', '汉', 'AC1301'),
('2013110201', '江山', '女', '2005-09-17', '内蒙古', '锡伯', 'AC1302'),
('2013110202', '李明', '男', '2005-01-14', '广西', '壮', 'AC1302'),
('2013310101', '黄菊', '女', '2004-09-30', '北京', '汉', 'IS1301'),
('2013310103', '吴昊', '男', '2005-11-18', '河北', '汉', 'IS1301'),
('2014210101', '刘涛', '男', '2006-04-03', '湖南', '侗', 'CS1401'),
('2014210102', '郭志坚', '男', '2006-02-21', '上海', '汉', 'CS1401'),
('2014310101', '王林', '男', '2006-10-09', '河南', '汉', 'IS1401'),
('2014310102', '赵明', '男', '2006-08-15', '浙江', '汉', 'IS1401');

INSERT INTO course (课程号, 课程名, 学分, 学时, 学期, 前置课) VALUES
('21001', '计算机基础', 3, 48, 1, NULL),
('21002', 'Office 高级应用', 3, 48, 2, '21001'),
('21004', '程序设计', 4, 64, 2, '21001'),
('21003', '数据结构', 4, 64, 3, '21001'),
('21005', '数据库', 4, 64, 4, '21004'),
('21006', '操作系统', 4, 64, 5, '21001'),
('31001', '管理信息系统', 3, 48, 3, '21004'),
('31002', '信息系统_分析与设计', 2, 32, 4, '31001'),
('31005', '项目管理', 3, 48, 5, '31001');

INSERT INTO score (学号, 课程号, 成绩) VALUES
('2013110101', '21003', 90),
('2013110101', '21001', 86),
('2013110103', '21003', 89),
('2013110103', '21001', 86),
('2013110201', '21003', 78),
('2013110202', '21001', 92),
('2013110202', '21003', 82),
('2013310101', '21004', 85),
('2013310101', '31002', 68),
('2013310103', '21004', 80),
('2013310103', '31002', 86),
('2014210101', '21002', 76),
('2014210101', '21004', 93),
('2014210102', '21002', 89),
('2014310101', '21001', 91),
('2014310101', '21004', 80),
('2014310102', '21001', 79),
('2014310102', '21004', 87);

INSERT INTO class (班级编号, 班级名称, 院系, 年级, 人数) VALUES
('AC1301', '会计13-1班', '会计学院', 2013, 35),
('AC1302', '会计13-2班', '会计学院', 2013, 35),
('CS1401', '计算机14-1班', '信息学院', 2014, 35),
('IS1301', '信息系统13-1班', '信息学院', 2013, 35),
('IS1401', '信息系统14-1班', '信息学院', 2014, 35); 